id,price,date,bedrooms,bathrooms,sqft_living,sqft_lot,floors,waterfront,view,condition,grade,sqft_above,sqft_basement,yr_built,yr_renovated,zipcode,lat,long,sqft_living15,sqft_lot15,PREÇO POR ÁREA CONSTRUÍDA,CARO,MEDIA
7214810350,467000,20141017,5,2.25,2500,13500,1,0,0,3,7,1850,650,1979,0,98072,47.7564,-122.144,2300,9750,186.8,abaixo,247.5120125
200350070,559900,20140602,3,2.75,2930,5569,1,0,0,3,9,1860,1070,2004,0,98072,47.7648,-122.164,2580,11045,191.0921502,abaixo,
9517200030,365500,20140625,3,2,1410,9600,1,0,0,4,7,1410,0,1983,0,98072,47.7591,-122.146,1410,9600,259.2198582,acima,
1774000200,400000,20141202,3,1.75,1920,9102,1,0,0,3,7,1920,0,1968,0,98072,47.7487,-122.082,1920,9760,208.3333333,abaixo,
1529200340,496500,20150108,3,2.5,2260,3640,2,0,0,3,8,2260,0,1994,0,98072,47.7356,-122.157,2350,3710,219.6902655,abaixo,
1775920350,323000,20141124,3,1,1290,12231,1,0,0,3,7,1290,0,1976,0,98072,47.7404,-122.11,1390,11632,250.3875969,acima,
1775800800,396000,20150224,3,1,1500,12616,1,0,0,3,7,1500,0,1967,0,98072,47.7415,-122.101,1820,13950,264,acima,
9465910070,480000,20140716,3,2.5,1940,10035,2,0,0,4,8,1940,0,1994,0,98072,47.7438,-122.172,2810,8333,247.4226804,abaixo,
7214820030,475000,20141212,3,1.75,2020,8970,1,0,0,4,7,1180,840,1981,0,98072,47.7571,-122.145,2140,8008,235.1485149,abaixo,
1775801260,425000,20150311,4,2.5,1930,14196,1,0,0,4,7,1330,600,1977,0,98072,47.7407,-122.097,1470,12852,220.2072539,abaixo,
9465910320,565000,20140709,3,2.5,2500,7394,2,0,0,3,9,2500,0,1990,0,98072,47.7441,-122.173,2790,7642,226,abaixo,
1630700135,659000,20141119,4,2,1980,23625,2,0,0,3,8,1980,0,1938,1984,98072,47.7553,-122.092,2300,24640,332.8282828,acima,
226059078,375000,20150227,2,1,1840,81892,1,0,0,3,6,1840,0,1955,0,98072,47.7694,-122.124,2550,40089,203.8043478,abaixo,
7955030060,345000,20150326,3,1,1250,17380,1,0,0,4,7,1250,0,1970,0,98072,47.7502,-122.108,1410,18200,276,acima,
1775800510,432000,20150324,4,1,1750,12528,1,0,0,4,7,1750,0,1967,0,98072,47.743,-122.097,1550,14120,246.8571429,abaixo,
9238450160,389000,20150428,3,1,1280,9630,1,0,0,3,7,1280,0,1968,0,98072,47.7677,-122.163,1300,9453,303.90625,acima,
2481630070,914600,20150128,4,3,3180,80837,2,0,0,3,11,3180,0,1985,0,98072,47.7336,-122.134,3180,38715,287.6100629,acima,
4215250310,828500,20140919,4,2.5,3720,35000,2,0,0,3,10,3720,0,1983,0,98072,47.7582,-122.13,3720,35000,222.7150538,abaixo,
7214810550,420000,20150413,4,2.25,2270,12000,1,0,0,4,7,1360,910,1979,0,98072,47.7559,-122.148,2500,10120,185.0220264,abaixo,
9408300310,520000,20140624,3,1.75,2300,35722,1,0,0,3,9,2300,0,1984,0,98072,47.7455,-122.112,2600,34798,226.0869565,abaixo,
7214800240,541100,20150316,4,2.25,2510,9800,2,0,0,3,9,2510,0,1978,0,98072,47.753,-122.145,2440,11000,215.5776892,abaixo,
2481630200,883000,20140614,4,2.5,2960,41656,2,0,0,3,10,2960,0,1985,0,98072,47.7319,-122.132,3900,35104,298.3108108,acima,
4215250030,475000,20140819,4,2.5,2120,57050,2,0,0,3,9,2120,0,1989,0,98072,47.7611,-122.128,3320,39082,224.0566038,abaixo,
2326059082,594000,20150126,3,2.25,2080,70567,2,0,0,3,8,2080,0,1990,0,98072,47.7221,-122.124,3730,43560,285.5769231,acima,
3663000070,600000,20140708,3,2.25,1900,46609,1.5,0,0,4,7,1440,460,1969,0,98072,47.7529,-122.116,2460,43560,315.7894737,acima,
4450700030,354950,20140822,3,1.75,1780,9689,1,0,0,3,7,1130,650,1976,0,98072,47.7628,-122.163,1660,9786,199.4101124,abaixo,
3407700046,625000,20140624,3,2.5,2410,64073,1,0,0,4,8,1820,590,1976,0,98072,47.7457,-122.141,2980,48760,259.3360996,acima,
1137300340,674250,20141121,4,2.5,2780,35000,1,0,0,4,9,2780,0,1985,0,98072,47.7386,-122.091,2740,35072,242.5359712,abaixo,
6979970140,475000,20150417,3,2.5,2370,3239,2,0,0,3,8,1950,420,2006,0,98072,47.7515,-122.174,2520,3431,200.4219409,abaixo,
2738650030,552500,20150511,3,2.5,2450,3582,2,0,0,3,9,2450,0,2008,0,98072,47.7749,-122.159,2490,5449,225.5102041,abaixo,
1775800710,315500,20150126,3,1,1300,12600,1,0,0,4,7,1300,0,1969,0,98072,47.7422,-122.1,1480,13530,242.6923077,abaixo,
3876810140,326500,20140527,3,1,1810,12375,2,0,0,3,7,1810,0,1970,0,98072,47.7427,-122.172,1420,9357,180.3867403,abaixo,
4045900147,590000,20140801,3,2.75,2550,54014,2,0,0,4,8,1980,570,1967,0,98072,47.7596,-122.117,2180,21600,231.372549,abaixo,
1926069137,775000,20140707,4,3.25,4100,241322,2,0,0,3,9,2500,1600,1981,0,98072,47.7302,-122.096,3770,87821,189.0243902,abaixo,
1226059112,415000,20150220,3,1,1360,73616,1,0,0,3,7,1360,0,1971,0,98072,47.7528,-122.119,2040,50965,305.1470588,acima,
1137301780,580000,20141126,3,2.5,2180,40278,2,0,0,3,9,2180,0,1985,0,98072,47.733,-122.09,2630,40000,266.0550459,acima,
1770000490,356000,20140522,2,1.75,1060,16470,1,0,0,3,7,1060,0,1977,0,98072,47.7409,-122.089,1790,16748,335.8490566,acima,
1775801340,415000,20140606,3,1.75,1910,12596,1,0,0,3,7,1340,570,1977,0,98072,47.7399,-122.099,1550,13310,217.2774869,abaixo,
1137300900,749950,20140605,4,2.75,3110,35235,2,0,0,4,9,3110,0,1983,0,98072,47.7355,-122.095,2790,35445,241.1414791,abaixo,
1331900110,760000,20141008,4,2.5,2960,28005,2,0,0,3,10,2960,0,1989,0,98072,47.7477,-122.117,3510,35248,256.7567568,acima,
1770000090,484000,20150407,3,1.75,1950,17400,1,0,0,3,7,1210,740,1976,0,98072,47.7424,-122.091,1900,17250,248.2051282,acima,
126059097,775000,20141023,3,3.5,2690,104544,2,0,0,3,8,2690,0,1948,1990,98072,47.7717,-122.112,2300,81698,288.1040892,acima,
9238500100,495000,20150318,4,2.25,2070,20280,2,0,0,4,7,2070,0,1968,0,98072,47.774,-122.134,2190,21560,239.1304348,abaixo,
2426059076,680000,20150203,4,2.5,2700,37431,1,0,0,4,8,1600,1100,1978,0,98072,47.7258,-122.117,2290,37431,251.8518519,acima,
1775800740,414250,20150206,4,1.75,1640,13566,1,0,0,4,7,1120,520,1977,0,98072,47.7423,-122.099,1470,13530,252.5914634,acima,
1126059144,730000,20140911,3,2.25,2040,130680,2,0,0,3,9,2040,0,1977,0,98072,47.7584,-122.136,3080,39630,357.8431373,acima,
1775950100,357823,20150113,3,1.5,1240,9196,1,0,0,3,8,1240,0,1968,0,98072,47.7562,-122.094,1690,10800,288.5669355,acima,
1326059085,450000,20140721,3,2.25,2080,111513,1.5,0,0,3,8,1680,400,1977,0,98072,47.7403,-122.112,2440,107157,216.3461538,abaixo,
3407700047,1055000,20141029,3,3.25,2990,189852,2,0,0,4,10,2990,0,1974,0,98072,47.746,-122.138,3500,48760,352.8428094,acima,
9516500100,525000,20150418,3,1.75,1600,9579,1,0,0,3,8,1180,420,1977,0,98072,47.7662,-122.159,1750,9829,328.125,acima,
8680500090,606000,20150316,3,2.5,2200,6005,2,0,0,3,9,2200,0,1997,0,98072,47.7408,-122.169,2320,6098,275.4545455,acima,
1926069143,865000,20141016,4,3.25,3400,99170,1,0,0,4,8,2000,1400,1980,0,98072,47.7293,-122.099,3460,47920,254.4117647,acima,
426059055,620000,20141003,3,1.75,2410,35236,1,0,0,3,8,2410,0,1980,2001,98072,47.7651,-122.166,2110,16980,257.2614108,acima,
3876312350,466000,20141202,4,2.25,2170,8050,1,0,0,3,7,1220,950,1976,0,98072,47.7354,-122.174,1820,7700,214.7465438,abaixo,
1137300690,369900,20150220,4,2.5,2820,33750,2,0,0,4,9,2820,0,1984,0,98072,47.7387,-122.096,2510,36180,131.1702128,abaixo,
3876312490,435000,20150414,4,2.25,1910,8400,2,0,0,3,7,1910,0,1975,0,98072,47.7352,-122.175,1910,8400,227.7486911,abaixo,
9562200090,925000,20140624,4,3,3580,35261,1.5,0,0,3,10,3580,0,1985,0,98072,47.7577,-122.134,3540,36750,258.3798883,acima,
7399800110,565000,20141209,4,2.75,1960,48787,1.5,0,0,4,9,1960,0,1983,0,98072,47.7484,-122.111,1970,36425,288.2653061,acima,
8078370010,470000,20150218,4,2.5,2320,12042,1,0,0,4,7,1320,1000,1975,0,98072,47.763,-122.16,2160,7054,202.5862069,abaixo,
1331900020,930000,20140925,3,2.5,3780,35273,1.5,0,0,3,10,3780,0,1986,0,98072,47.7499,-122.119,3450,35273,246.031746,abaixo,
1136100006,625000,20150127,2,1.5,1110,118047,1,0,0,3,7,1110,0,1961,0,98072,47.7467,-122.128,2970,43500,563.0630631,acima,
8078700020,474900,20140603,3,2.25,1800,43647,1,0,0,4,8,1800,0,1976,0,98072,47.7757,-122.132,2480,25608,263.8333333,acima,
1775500362,625000,20141013,4,2.5,2601,34335,2,0,0,3,9,2601,0,1995,0,98072,47.742,-122.087,2080,32336,240.2921953,abaixo,
9238480020,699000,20150319,5,2.75,2970,36817,2,0,0,4,8,2970,0,1978,0,98072,47.7731,-122.139,2730,29150,235.3535354,abaixo,
5536500020,540000,20140716,4,2.5,2290,4450,2,0,0,3,9,2290,0,2004,0,98072,47.7385,-122.169,2570,5096,235.8078603,abaixo,
3244500078,600000,20140822,3,2.5,4930,77536,2,0,0,3,9,3930,1000,1981,0,98072,47.7634,-122.139,2760,7351,121.703854,abaixo,
1775930440,479000,20140623,3,2.25,2110,11319,2,0,0,4,8,2110,0,1978,0,98072,47.742,-122.105,1860,11319,227.014218,abaixo,
1775930010,335000,20141222,3,2.75,1990,19991,1,0,0,3,7,1340,650,1977,0,98072,47.7434,-122.106,1750,9775,168.3417085,abaixo,
9238430430,600000,20150430,4,2.25,2260,43847,2,0,0,3,8,2260,0,1982,0,98072,47.7713,-122.129,2470,37304,265.4867257,acima,
1126059007,865000,20150323,3,2.25,2670,150270,2,0,0,3,9,2670,0,1985,0,98072,47.7601,-122.134,3080,81054,323.9700375,acima,
1775800420,474000,20150202,4,2.25,1960,14834,1,0,0,4,8,1330,630,1976,0,98072,47.7434,-122.095,1540,15000,241.8367347,abaixo,
9517200480,535000,20140702,3,1.75,2330,12141,1,0,0,3,7,1390,940,1983,0,98072,47.7607,-122.146,1850,12141,229.6137339,abaixo,
710300010,680000,20150127,4,2.75,2720,54048,2,0,0,3,8,2720,0,1985,0,98072,47.7181,-122.089,2580,37721,250,acima,
9465900500,605500,20140617,3,2.5,2830,6536,2,0,0,3,9,2830,0,1989,0,98072,47.7462,-122.172,2710,6954,213.9575972,abaixo,
2050000020,1215000,20140624,4,3.75,3820,53574,1,0,0,3,10,3820,0,1994,0,98072,47.7337,-122.121,3140,54014,318.0628272,acima,
3876810190,410000,20141113,4,1,1140,7208,1,0,0,3,7,900,240,1970,0,98072,47.742,-122.173,1300,7991,359.6491228,acima,
1775800290,354000,20140801,3,1.75,1260,12330,1,0,0,3,7,1260,0,1968,0,98072,47.7412,-122.095,1320,12800,280.952381,acima,
9238500480,465425,20140523,4,2.75,2430,20720,1,0,0,3,7,2430,0,1967,0,98072,47.775,-122.139,2580,26950,191.5329218,abaixo,
622100130,365000,20140917,2,2,1440,15000,1,0,0,3,7,1440,0,1985,0,98072,47.7648,-122.159,1780,15000,253.4722222,acima,
3876810170,329000,20150505,3,1,900,9600,1,0,0,4,7,900,0,1970,0,98072,47.7423,-122.173,1220,8240,365.5555556,acima,
9238430190,640000,20150428,4,2,2310,31850,1.5,0,0,4,8,2310,0,1984,0,98072,47.7713,-122.122,2710,36042,277.0562771,acima,
1775800280,310000,20150226,5,2,2900,11970,2,0,0,4,7,2900,0,1969,0,98072,47.741,-122.095,1260,12398,106.8965517,abaixo,
1822360080,565000,20141211,4,2.75,2730,6856,2,0,0,3,8,2730,0,2003,0,98072,47.7739,-122.164,2520,5569,206.959707,abaixo,
9238500190,440000,20141202,4,2.25,2600,28600,1,0,0,3,8,1810,790,1968,0,98072,47.7757,-122.139,2580,26950,169.2307692,abaixo,
1775500050,440000,20150129,1,1,1160,64469,1,0,0,3,7,1160,0,2009,0,98072,47.7433,-122.082,1580,48352,379.3103448,acima,
2195700050,810000,20140519,4,2.5,3480,59242,2,0,0,3,11,3480,0,1988,0,98072,47.7391,-122.102,2930,39400,232.7586207,abaixo,
1770000130,435000,20141126,3,1.75,1750,16748,1,0,0,3,7,1330,420,1978,0,98072,47.7421,-122.089,1750,16050,248.5714286,acima,
1775801405,557500,20141216,4,2.5,2390,38258,2,0,0,3,8,2390,0,2001,0,98072,47.7433,-122.094,1960,17113,233.2635983,abaixo,
9465910190,600000,20140529,3,1.75,2930,19876,1,0,0,3,9,2030,900,1993,0,98072,47.7443,-122.17,2740,11499,204.778157,abaixo,
126059242,550000,20141119,3,1.75,1880,45738,1,0,0,4,8,1410,470,1980,0,98072,47.7662,-122.114,2340,38556,292.5531915,acima,
9465910380,540000,20141024,4,2.25,2850,7453,2,0,0,3,9,2850,0,1991,0,98072,47.7439,-122.174,2700,8468,189.4736842,abaixo,
2426059071,675000,20141021,3,2.5,2320,98445,1,0,0,4,8,1380,940,1978,0,98072,47.7323,-122.116,2830,54014,290.9482759,acima,
9517200290,482000,20150223,3,1.75,2300,16474,1,0,0,3,7,1220,1080,1984,0,98072,47.7609,-122.144,1940,15601,209.5652174,abaixo,
3401700185,665000,20140728,4,2,2970,52567,2,0,0,3,8,2970,0,1924,1985,98072,47.7333,-122.128,3280,46676,223.9057239,abaixo,
3401700255,595000,20140729,4,2,3090,87120,1,0,0,4,7,1590,1500,1974,0,98072,47.7275,-122.122,2560,88426,192.5566343,abaixo,
9408300380,605000,20140609,3,2.5,2670,47480,2,0,3,3,9,2670,0,1981,0,98072,47.7443,-122.114,2760,42800,226.5917603,abaixo,
1530900290,475000,20141007,3,2.5,2280,3710,1,0,0,3,8,1550,730,1990,0,98072,47.735,-122.159,2030,3710,208.3333333,abaixo,
2817260130,622500,20140613,5,2.75,3320,23760,2,0,0,4,8,2190,1130,1975,0,98072,47.7498,-122.146,2520,36720,187.5,abaixo,
1775910460,395000,20150313,3,2.5,1630,15200,1,0,0,3,7,1120,510,1988,0,98072,47.7454,-122.103,2050,15200,242.3312883,abaixo,
1774000780,469500,20150105,4,2.75,1930,13041,1,0,0,4,8,1180,750,1980,0,98072,47.7502,-122.085,1880,10234,243.2642487,abaixo,
7859960250,585000,20150107,4,2.5,3000,6892,2,0,0,3,8,3000,0,2005,0,98072,47.7623,-122.165,3000,6589,195,abaixo,
2481630290,879000,20140626,4,2.75,4230,31747,2,0,0,4,10,4230,0,1985,0,98072,47.731,-122.132,4080,35576,207.8014184,abaixo,
9520900210,614285,20141231,5,2.75,2730,6401,2,0,0,3,8,2730,0,2015,0,98072,47.7685,-122.16,2520,6126,225.0128205,abaixo,
126059018,395000,20150108,4,2.25,1780,10748,2,0,0,4,8,1780,0,1964,0,98072,47.762,-122.11,2070,37680,221.9101124,abaixo,
9238480120,575000,20150421,4,2.75,2730,35075,1,0,0,3,8,1530,1200,1979,0,98072,47.7726,-122.139,2310,35000,210.6227106,abaixo,
3876313030,458000,20140520,1,2.25,2140,10350,1,0,0,3,7,1470,670,1976,0,98072,47.7352,-122.17,1980,8400,214.0186916,abaixo,
2896400300,435000,20150319,4,2.25,1780,2684,2,0,0,3,7,1780,0,2002,0,98072,47.7642,-122.149,1670,2426,244.3820225,abaixo,
3876312840,408000,20140912,3,1.75,1970,7100,1,0,0,3,7,1590,380,1976,0,98072,47.7353,-122.172,1790,7455,207.106599,abaixo,
9408300180,682000,20140828,4,2.5,3030,30000,2,0,0,4,9,3030,0,1981,0,98072,47.7468,-122.112,2600,34932,225.0825083,abaixo,
9517200610,370000,20150303,3,1.75,1290,10117,1,0,0,3,7,1290,0,1984,0,98072,47.7598,-122.146,1770,11839,286.8217054,acima,
9517200180,375000,20141106,3,2,1410,10078,1,0,0,4,6,1410,0,1983,0,98072,47.7587,-122.144,2090,9202,265.9574468,acima,
8835350300,536000,20150304,3,2.5,1990,7397,2,0,0,3,9,1990,0,1993,0,98072,47.7703,-122.165,2210,7397,269.3467337,acima,
2426059097,910000,20150305,4,2.5,3530,49222,2,0,0,4,9,3530,0,1986,0,98072,47.7285,-122.112,3750,49222,257.7903683,acima,
2195700230,700000,20150203,3,2.5,2850,36585,2,0,0,3,10,2850,0,1987,0,98072,47.7376,-122.102,3340,35671,245.6140351,abaixo,
9465910150,607000,20141109,3,2.5,2470,9226,2,0,0,3,9,2470,0,1991,0,98072,47.7439,-122.17,2820,11013,245.7489879,abaixo,
1775800220,410988,20150402,3,1.75,1000,14061,1,0,0,4,7,1000,0,1967,0,98072,47.7417,-122.093,1260,12635,410.988,acima,
1126059095,880000,20140526,3,2,2130,35169,1,0,0,4,8,2130,0,1989,0,98072,47.7489,-122.123,2860,43560,413.1455399,acima,
7214820610,448000,20141007,4,1.75,2560,8270,1,0,0,3,7,1480,1080,1979,0,98072,47.7572,-122.147,2320,8450,175,abaixo,
3876312370,434500,20140915,3,1.75,1930,7210,1,0,0,3,7,1110,820,1975,0,98072,47.735,-122.174,1870,7877,225.1295337,abaixo,
8029650040,373000,20140519,3,2.5,1670,3565,2,0,0,3,7,1670,0,1999,0,98072,47.7623,-122.161,1510,3770,223.3532934,abaixo,
1226059161,562000,20141229,4,2.75,2560,83200,1,0,0,3,8,1860,700,1980,0,98072,47.7511,-122.111,1990,38332,219.53125,abaixo,
3876312290,405000,20141121,3,1.75,1520,7252,1,0,0,3,7,1140,380,1975,0,98072,47.7358,-122.175,1910,7820,266.4473684,acima,
226059103,570000,20140527,3,1.75,1930,36210,1,0,0,3,8,1930,0,1977,0,98072,47.7692,-122.128,1930,35060,295.3367876,acima,
226059096,1565000,20141118,5,4.5,5220,67319,2,0,0,3,11,5220,0,2001,0,98072,47.7666,-122.128,4190,40609,299.8084291,acima,
9144300110,308000,20150424,2,1,1680,9250,1,0,0,3,7,860,820,1969,0,98072,47.7618,-122.162,1590,9542,183.3333333,abaixo,
3401700150,1350000,20150423,5,3,5530,38816,1.5,0,2,3,10,5530,0,1969,1994,98072,47.7352,-122.116,3800,44417,244.1229656,abaixo,
9238500410,464000,20140519,3,1.75,1630,28600,1,0,0,3,8,1630,0,1967,0,98072,47.7742,-122.14,2260,26000,284.6625767,acima,
1926069192,1157200,20140509,4,4.25,5860,52889,2,0,0,4,10,4910,950,1996,0,98072,47.7245,-122.095,3320,39066,197.4744027,abaixo,
1126059170,760500,20150225,4,2.25,2310,36136,2,0,0,4,9,2310,0,1977,0,98072,47.7506,-122.122,3930,36136,329.2207792,acima,
1775930140,365000,20150505,3,1.75,1830,17349,1,0,0,3,8,1230,600,1977,0,98072,47.7427,-122.109,1840,11694,199.4535519,abaixo,
9560800310,565000,20141009,4,2.5,2280,9725,2,0,0,3,8,2280,0,1986,0,98072,47.7568,-122.141,2140,8780,247.8070175,acima,
255000320,450000,20140724,3,2.5,1990,12866,2,0,0,4,7,1990,0,1986,0,98072,47.7477,-122.17,2310,8803,226.1306533,abaixo,
2481630030,965000,20150427,4,2.5,3920,41206,2,0,0,4,10,3920,0,1988,0,98072,47.7325,-122.132,3780,36562,246.1734694,abaixo,
3876820140,373000,20141110,3,1,1290,8974,1,0,0,5,7,1290,0,1976,0,98072,47.74,-122.173,1540,7500,289.1472868,acima,
9560800390,445000,20140516,3,2.25,1990,7340,2,0,0,3,8,1990,0,1984,0,98072,47.7579,-122.141,2180,11223,223.6180905,abaixo,
1775910370,464000,20150205,4,2.25,2220,15232,1,0,0,3,9,1690,530,1978,0,98072,47.7449,-122.103,2110,15280,209.009009,abaixo,
9522400350,500000,20141008,4,2.25,2490,23478,2,0,0,3,8,2490,0,1981,0,98072,47.7547,-122.094,2030,12611,200.8032129,abaixo,
1530900560,385000,20141215,2,2.5,1760,3710,1,0,0,3,8,1130,630,1988,0,98072,47.7335,-122.16,1760,4200,218.75,abaixo,
9144300060,350000,20150430,3,1,1250,9786,1,0,0,4,7,1250,0,1969,0,98072,47.7622,-122.163,1660,9621,280,acima,
3876313100,422800,20141224,3,1.75,1820,8400,1,0,0,3,7,1340,480,1976,0,98072,47.734,-122.17,1900,8112,232.3076923,abaixo,
1775500310,455000,20150121,4,1.75,3060,94089,1,0,0,3,8,3060,0,1958,0,98072,47.744,-122.087,2180,43995,148.6928105,abaixo,
1326059070,390000,20140708,3,1.75,1180,16552,1,0,0,4,7,1180,0,1967,0,98072,47.7426,-122.116,2780,45302,330.5084746,acima,
4249400270,360000,20150417,3,2.5,1480,3851,2,0,0,3,8,1480,0,1998,0,98072,47.7732,-122.163,1650,4716,243.2432432,abaixo,
7214820400,425000,20140902,3,2.25,1800,7371,1,0,0,3,7,1280,520,1979,0,98072,47.7584,-122.145,1960,7675,236.1111111,abaixo,
5536500200,730000,20140918,5,3.5,3760,4857,2,0,3,3,9,2820,940,2004,0,98072,47.7398,-122.167,3000,5693,194.1489362,abaixo,
2738600140,499950,20140502,4,2.5,2860,3345,2,0,0,3,8,2190,670,2004,0,98072,47.7735,-122.158,2860,3596,174.8076923,abaixo,
8564700240,575000,20141017,3,2.5,2610,7301,2,0,0,3,8,2610,0,2004,0,98072,47.7614,-122.139,2460,7181,220.3065134,abaixo,
226059121,500000,20140813,3,2.75,1560,77536,1,0,0,3,7,1400,160,1978,0,98072,47.7695,-122.126,2210,41449,320.5128205,acima,
1137300890,700500,20141217,3,2.5,2560,35265,2,0,0,3,9,2560,0,1981,0,98072,47.7354,-122.095,2820,35496,273.6328125,acima,
1526059051,995000,20140828,2,2,1600,64468,1,0,0,3,7,1600,0,1950,0,98072,47.7344,-122.143,1950,64468,621.875,acima,
1136100045,494950,20141015,2,1.75,2220,33000,1,0,0,4,8,2220,0,1970,0,98072,47.7403,-122.129,2220,33000,222.9504505,abaixo,
2481620310,1120000,20140514,4,2.25,4470,60373,2,0,0,3,11,4470,0,1988,0,98072,47.7289,-122.127,3210,40450,250.5592841,acima,
1226059105,545000,20140827,4,2.25,2390,40510,1,0,0,4,8,2390,0,1969,0,98072,47.7566,-122.113,3200,36989,228.0334728,abaixo,
6662400105,375000,20141030,3,2.5,1580,5725,2,0,0,3,7,1580,0,2004,0,98072,47.7611,-122.161,1510,5725,237.3417722,abaixo,
226059065,514000,20140903,3,2.25,2260,54014,1,0,0,3,7,1450,810,1962,0,98072,47.7657,-122.131,2140,44431,227.4336283,abaixo,
9518100059,203700,20140822,2,1,770,2500,1,0,0,3,6,770,0,1913,1960,98072,47.7534,-122.172,1500,8286,264.5454545,acima,
3407700012,1078500,20141106,4,3.5,3740,41458,2,0,2,3,11,3740,0,2000,0,98072,47.7375,-122.139,3750,38325,288.368984,acima,
1775900140,400000,20140709,3,2,1760,6875,1,0,0,4,8,1760,0,1967,0,98072,47.74,-122.093,1670,13650,227.2727273,abaixo,
7214820200,614000,20141107,4,2.25,2880,9996,1,0,0,4,8,1920,960,1981,0,98072,47.7584,-122.143,2410,10584,213.1944444,abaixo,
2195700270,665000,20140627,3,2.5,2610,35000,2,0,0,3,10,2610,0,1988,0,98072,47.7377,-122.101,3060,35427,254.789272,acima,
1775910270,355000,20141020,3,1,1200,16000,1,0,0,3,7,1200,0,1970,0,98072,47.7452,-122.101,1960,15500,295.8333333,acima,
255000270,410000,20140723,3,2.25,1790,5794,1.5,0,0,3,7,1380,410,1985,0,98072,47.7477,-122.171,2140,7769,229.0502793,abaixo,
1326059185,752875,20150320,4,2.5,2800,72309,2,0,0,3,9,2800,0,1992,0,98072,47.7432,-122.112,2280,36420,268.8839286,acima,
9527300200,465000,20140825,4,2.75,2190,3267,2,0,0,3,8,2190,0,2004,0,98072,47.7751,-122.168,2190,3619,212.3287671,abaixo,
1774000030,395000,20150330,6,2.25,2950,11200,1,0,0,4,7,1700,1250,1970,0,98072,47.7476,-122.087,1790,11200,133.8983051,abaixo,
1775801090,465000,20140530,4,2.25,1820,20349,1,0,0,5,8,1340,480,1977,0,98072,47.7415,-122.096,1270,12800,255.4945055,acima,
1775800860,469500,20150428,3,2.25,1850,12000,1,0,0,4,7,1300,550,1977,0,98072,47.7408,-122.101,1580,12616,253.7837838,acima,
1775920340,484000,20150126,4,1.75,2440,16730,1,0,0,3,7,1390,1050,1976,0,98072,47.7406,-122.11,1390,11600,198.3606557,abaixo,
3876800710,350000,20150414,3,1.75,1000,8268,1,0,0,3,6,1000,0,1969,0,98072,47.7417,-122.172,1220,7800,350,acima,
7214810510,480000,20150408,5,2.75,2760,7200,1,0,0,3,7,1430,1330,1979,0,98072,47.7563,-122.147,2460,8750,173.9130435,abaixo,
9465910030,525000,20140515,3,2.5,2700,7434,2,0,0,3,9,2700,0,1991,0,98072,47.7434,-122.174,2660,8405,194.4444444,abaixo,
9238430140,595000,20140725,3,3.25,3130,28001,1,0,0,3,9,2210,920,1985,0,98072,47.7741,-122.122,2710,34999,190.0958466,abaixo,
1775950030,375000,20140812,4,1.75,1940,15909,1,0,0,3,8,970,970,1974,0,98072,47.7578,-122.094,1940,15120,193.2989691,abaixo,
9465910310,550000,20140919,4,2.5,2810,7549,2,0,0,3,9,2810,0,1992,0,98072,47.7441,-122.173,2750,7642,195.7295374,abaixo,
9560800040,485000,20140716,3,2.5,1800,11034,2,0,0,4,8,1800,0,1987,0,98072,47.7558,-122.142,1940,8900,269.4444444,acima,
7399800150,535500,20140606,3,1.5,1730,40250,2,0,0,4,8,1730,0,1983,0,98072,47.7499,-122.111,1730,36250,309.5375723,acima,
226059106,489500,20150102,3,1.75,2090,65558,1,0,0,3,8,1330,760,1977,0,98072,47.7621,-122.127,2450,47178,234.2105263,abaixo,
1775801020,410000,20141124,3,1.75,1530,26642,1,0,0,3,7,1180,350,1988,0,98072,47.7422,-122.097,1550,13566,267.9738562,acima,
9520900230,642860,20141217,4,2.75,2520,6398,2,0,0,3,8,2520,0,2014,0,98072,47.7685,-122.159,2520,6398,255.1031746,acima,
9238500040,400000,20140624,3,2.5,2970,23100,1,0,0,3,7,1510,1460,1967,0,98072,47.7735,-122.133,2390,20300,134.6801347,abaixo,
9238500040,599000,20150210,3,2.5,2970,23100,1,0,0,3,7,1510,1460,1967,0,98072,47.7735,-122.133,2390,20300,201.6835017,abaixo,
1136100087,818000,20150205,4,2.5,4020,44431,2,0,0,3,10,4020,0,1987,0,98072,47.7467,-122.132,3440,52900,203.4825871,abaixo,
622100092,440000,20140716,3,1.75,1950,19747,1,0,0,3,7,1150,800,1979,0,98072,47.7685,-122.162,2560,9674,225.6410256,abaixo,
3876312620,395000,20140924,4,1.75,1910,8117,1,0,0,3,7,1460,450,1975,0,98072,47.7344,-122.173,1810,8100,206.8062827,abaixo,
126059021,200000,20150402,4,1,1020,42966,1.5,0,0,4,6,1020,0,1922,0,98072,47.7617,-122.11,2250,37680,196.0784314,abaixo,
1770000330,500000,20141003,4,2.75,2630,15000,1,0,0,4,7,1690,940,1976,0,98072,47.7425,-122.089,1800,16500,190.1140684,abaixo,
3244500158,570000,20140908,3,1.75,2580,40392,1,0,0,3,9,1390,1190,1986,0,98072,47.7637,-122.134,2460,46173,220.9302326,abaixo,
226059161,575000,20141231,4,2.5,2280,27441,2,0,0,3,8,2280,0,1996,0,98072,47.7628,-122.123,2350,35020,252.1929825,acima,
8946400210,548000,20140603,3,2.5,2110,4099,2,0,0,3,8,2110,0,2001,0,98072,47.7508,-122.17,2110,4871,259.7156398,acima,
1774000720,425000,20140620,3,2.25,1790,10209,1,0,0,3,7,1290,500,1967,0,98072,47.7492,-122.086,1840,9900,237.4301676,abaixo,
2481630180,1140000,20140625,4,2.25,3310,127631,2,0,0,5,9,3310,0,1924,1956,98072,47.732,-122.134,3830,43959,344.4108761,acima,
622100074,720000,20141110,3,2.75,2440,76531,1,0,0,3,10,1640,800,1980,0,98072,47.7672,-122.161,1890,10042,295.0819672,acima,
2426059124,1045000,20141216,4,3.25,4160,47480,2,0,0,3,10,4160,0,1995,0,98072,47.7266,-122.115,3400,40428,251.2019231,acima,
4215250220,790000,20141209,3,2.5,3040,34670,2,0,0,4,10,3040,0,1983,0,98072,47.7565,-122.129,3480,35001,259.8684211,acima,
1331900410,869000,20140620,4,3,3740,30884,2,0,0,3,9,3060,680,1988,0,98072,47.7505,-122.117,3240,37031,232.3529412,abaixo,
3401700040,905000,20150401,3,2.5,3450,48787,2,0,0,3,10,3450,0,1987,0,98072,47.739,-122.129,2810,41040,262.3188406,acima,
8835350230,530000,20140825,3,2.5,2480,7480,2,0,0,3,9,2480,0,1992,0,98072,47.771,-122.166,2480,7480,213.7096774,abaixo,
1226059101,502000,20140701,3,2.25,1600,45613,2,0,0,4,8,1600,0,1983,0,98072,47.7523,-122.117,2320,43005,313.75,acima,
1152600220,831500,20140623,5,2.5,4470,35124,2.5,0,0,3,11,4470,0,1984,0,98072,47.7377,-122.084,4050,34118,186.0178971,abaixo,
9238450330,330000,20141110,3,1,1070,10563,1,0,0,3,7,1070,0,1969,0,98072,47.7687,-122.166,1840,9638,308.411215,acima,
1775920210,374000,20140530,3,1,1200,9800,1,0,0,4,7,1200,0,1971,0,98072,47.7412,-122.109,1220,10220,311.6666667,acima,
7214810150,428000,20141002,3,1.75,2120,9350,1,0,0,3,7,1280,840,1979,0,98072,47.7562,-122.145,2200,9000,201.8867925,abaixo,
3395350210,810000,20150324,5,3.25,2950,67475,1,0,0,3,8,2530,420,1981,2004,98072,47.7233,-122.117,2620,39820,274.5762712,acima,
1136100072,455000,20150213,4,1.75,1790,45738,1,0,0,3,8,1410,380,1976,0,98072,47.7453,-122.129,1870,47480,254.1899441,acima,
9238450150,368000,20140512,3,1,1280,9898,1,0,0,3,7,1280,0,1968,0,98072,47.7677,-122.163,1290,9625,287.5,acima,
8680500220,521900,20141203,3,2.5,2100,12338,2,0,0,3,9,2100,0,1997,0,98072,47.7412,-122.168,2320,6257,248.5238095,acima,
3876313040,468000,20140709,4,2.5,2100,8400,1,0,0,4,7,1240,860,1976,0,98072,47.735,-122.17,1980,8610,222.8571429,abaixo,
9238450210,326000,20140623,3,1,1030,9834,1,0,0,3,7,1030,0,1969,0,98072,47.7676,-122.164,1210,9875,316.5048544,acima,
9238510220,526500,20141028,3,2.5,1860,43170,2,0,0,3,8,1860,0,1986,0,98072,47.7712,-122.136,2270,40835,283.0645161,acima,
6979970150,420000,20141212,3,2.5,2390,3903,2,0,0,3,8,1970,420,2006,0,98072,47.7515,-122.174,2390,3431,175.7322176,abaixo,
1770000460,430000,20141203,3,2.25,1830,19965,1,0,0,3,8,1400,430,1976,0,98072,47.7412,-122.088,1830,17250,234.9726776,abaixo,
1529200480,534640,20140518,3,2.5,2130,3500,1,0,0,4,8,1210,920,1994,0,98072,47.736,-122.159,2030,3710,251.0046948,acima,
1310370020,690000,20140708,4,2.5,3220,35400,2,0,0,3,9,3220,0,1991,0,98072,47.7547,-122.114,3050,35252,214.2857143,abaixo,
1326059142,1395000,20141028,4,3,3520,128502,2,0,2,4,10,3520,0,1981,0,98072,47.7448,-122.117,3260,79714,396.3068182,acima,
7214810050,537000,20150416,4,2.25,2640,8800,1,0,0,3,8,1620,1020,1980,0,98072,47.7552,-122.148,2500,11700,203.4090909,abaixo,
226059120,615000,20150123,3,1.75,2110,56192,1,0,0,3,7,1480,630,1978,0,98072,47.7701,-122.138,2570,46609,291.4691943,acima,
126059005,547000,20150115,5,3,2200,103237,1,0,0,3,7,1160,1040,1971,0,98072,47.7726,-122.111,2300,103237,248.6363636,acima,
1326059182,1089000,20150406,5,3.25,5600,107157,2,0,0,3,10,3440,2160,1988,0,98072,47.7341,-122.102,3470,75794,194.4642857,abaixo,
1126059091,624000,20140915,3,2.5,2510,47044,1,0,0,4,7,1910,600,1975,0,98072,47.7531,-122.14,2510,42803,248.6055777,acima,
1774000170,419950,20150105,4,1.75,1870,16549,1,0,0,3,8,1870,0,1969,0,98072,47.7482,-122.083,1870,10804,224.5721925,abaixo,
9560800290,440000,20140814,3,2.5,2060,11231,2,0,0,3,8,2060,0,1987,0,98072,47.7571,-122.141,2140,10224,213.592233,abaixo,
2896400170,447000,20150316,3,2.5,1800,3074,2,0,0,3,7,1800,0,2003,0,98072,47.7631,-122.149,1610,2929,248.3333333,acima,
4045900020,650000,20150413,2,1.5,1440,136778,1,0,0,4,8,1140,300,1956,0,98072,47.7608,-122.118,1740,21600,451.3888889,acima,
1774000050,480500,20140507,4,2.5,2180,11200,1,0,0,4,8,2180,0,1968,0,98072,47.7476,-122.086,1790,11200,220.412844,abaixo,
1446300020,587000,20140531,4,2.5,2550,6256,2,0,0,3,9,2550,0,1992,0,98072,47.7742,-122.166,2460,8256,230.1960784,abaixo,
4450700010,375000,20140708,3,1.75,1660,9673,1,0,0,3,7,1130,530,1976,0,98072,47.7628,-122.162,1260,9681,225.9036145,abaixo,
9238430680,625000,20140521,4,2.5,2630,48706,2,0,0,3,8,2630,0,1986,0,98072,47.775,-122.125,2680,48706,237.6425856,abaixo,
7955030010,318000,20141010,3,1,1250,20040,1,0,0,3,7,1250,0,1970,0,98072,47.7514,-122.108,1640,19840,254.4,acima,
3876313260,415000,20150218,3,1.75,1790,15142,1,0,0,3,7,1360,430,1976,0,98072,47.7362,-122.172,1910,7500,231.8435754,abaixo,
9238430660,653000,20150326,3,2.25,2770,57745,2,0,0,3,8,2770,0,1985,0,98072,47.775,-122.124,2720,46765,235.7400722,abaixo,
1126059022,667400,20140722,4,2.5,2660,40312,2,0,0,4,8,2660,0,1977,0,98072,47.7532,-122.139,2650,45302,250.9022556,acima,
2738600080,495000,20140815,4,3,2740,2811,2,0,0,3,8,2240,500,2003,0,98072,47.7738,-122.158,2740,3596,180.6569343,abaixo,
6354000050,615000,20140908,3,2.25,2530,45234,2,0,0,4,9,2530,0,1985,0,98072,47.7221,-122.12,3110,35617,243.083004,abaixo,
1424130050,995000,20141216,5,4,5610,22529,2,0,0,3,11,4090,1520,1996,0,98072,47.7239,-122.092,3860,24751,177.3618538,abaixo,
3876312570,350500,20140811,3,2.25,1870,7200,1,0,0,3,7,1390,480,1975,0,98072,47.734,-122.174,1830,7876,187.4331551,abaixo,
9238450430,275000,20140624,3,1,990,9798,1,0,0,3,7,990,0,1968,0,98072,47.767,-122.164,1210,9870,277.7777778,acima,
1126059108,1200000,20150423,4,3.5,3930,43560,2,0,0,3,10,3930,0,2003,0,98072,47.7497,-122.121,2860,36460,305.3435115,acima,
7214800430,475000,20150305,3,3,2540,18900,1,0,0,3,7,1580,960,1978,0,98072,47.754,-122.144,2270,16000,187.007874,abaixo,
2481610050,905000,20141124,4,3,3370,47959,2,0,0,4,10,3370,0,1981,0,98072,47.733,-122.129,3370,38896,268.5459941,acima,
7214800190,490000,20150105,4,2.25,2110,16200,1,0,0,3,8,1630,480,1978,0,98072,47.752,-122.144,2370,16000,232.2274882,abaixo,
2481610170,965000,20140609,4,2.25,3160,34560,1,0,0,4,10,3160,0,1981,0,98072,47.7337,-122.132,3530,38045,305.3797468,acima,
326069164,840000,20150429,4,2.5,3450,43216,2,0,0,3,9,3450,0,2000,0,98072,47.7625,-122.025,3030,50481,243.4782609,abaixo,
3876313170,436000,20141209,3,2.25,1770,8000,1,0,0,4,7,1350,420,1976,0,98072,47.7358,-122.17,1850,7875,246.3276836,abaixo,
2738600220,451000,20140804,3,2.5,2050,4876,2,0,0,3,8,2050,0,2005,0,98072,47.7746,-122.158,2320,4065,220,abaixo,
126059019,799000,20150316,4,2.5,3170,94855,1,0,0,4,9,1910,1260,1978,0,98072,47.7648,-122.112,2590,65340,252.0504732,acima,
9238430300,550000,20141106,4,1.75,2550,39460,1,0,0,3,8,1890,660,1982,0,98072,47.7707,-122.123,2560,38638,215.6862745,abaixo,
1774000330,437000,20140707,3,1.75,2220,17568,1,0,0,4,8,2220,0,1967,0,98072,47.749,-122.083,2070,11745,196.8468468,abaixo,
2896400210,455000,20150508,4,2.5,1780,2992,2,0,0,3,7,1780,0,2003,0,98072,47.7633,-122.149,1610,2961,255.6179775,acima,
1428900033,576925,20141119,4,2.5,2630,6100,2,0,0,3,8,2630,0,2004,0,98072,47.7735,-122.167,2360,5765,219.3631179,abaixo,
8946400100,488000,20140804,3,2.5,1940,5660,2,0,0,3,8,1940,0,2001,0,98072,47.7511,-122.17,2110,4581,251.5463918,acima,
1775500371,712000,20150501,4,2.5,3140,32336,1.5,0,0,3,10,3140,0,1995,0,98072,47.7412,-122.087,2340,19965,226.7515924,abaixo,
3244500037,510000,20150406,3,2.5,2310,53578,1,0,0,4,8,1340,970,1981,0,98072,47.7677,-122.135,2660,49658,220.7792208,abaixo,
1775900220,300000,20140922,3,1.5,1320,15053,1,0,0,3,7,1320,0,1979,0,98072,47.7405,-122.095,1250,13368,227.2727273,abaixo,
3876313120,505000,20150501,3,1.75,1800,7210,1,0,0,3,7,1370,430,1976,0,98072,47.7346,-122.17,1820,8100,280.5555556,acima,
1126059201,1268890,20150504,5,3.25,4410,35192,2,0,2,3,12,3880,530,1990,0,98072,47.7522,-122.13,4410,59677,287.7301587,acima,
126059310,1000000,20141130,3,2.25,3040,52302,1,0,0,3,9,3040,0,2005,0,98072,47.7635,-122.112,2070,38600,328.9473684,acima,
2426059103,872000,20150422,4,2.25,2860,40284,2,0,0,3,10,2860,0,1983,0,98072,47.7308,-122.115,2670,92782,304.8951049,acima,
1136100062,585000,20140509,4,3.25,2400,29252,2,0,0,4,8,2400,0,1982,0,98072,47.743,-122.131,2280,45000,243.75,abaixo,
9144300120,374500,20150128,3,1,960,9531,1,0,0,5,7,960,0,1969,0,98072,47.7619,-122.162,1670,9250,390.1041667,acima,
3401700031,661000,20140822,2,1.5,1750,46173,2,0,0,4,8,1750,0,1964,0,98072,47.7397,-122.126,2220,42224,377.7142857,acima,
1628700107,383000,20140625,3,1.75,1500,13430,1,0,0,3,7,1500,0,1977,0,98072,47.7527,-122.082,1500,13430,255.3333333,acima,
3876800580,351000,20140902,4,1,1430,8400,1,0,0,3,6,730,700,1969,0,98072,47.7417,-122.172,1310,8240,245.4545455,abaixo,
1775800750,344000,20150310,3,1,1150,12402,1,0,0,4,6,1150,0,1969,0,98072,47.7422,-122.099,1400,13600,299.1304348,acima,
1424130220,991500,20150309,4,3,3820,26895,2,0,2,3,11,3820,0,1995,0,98072,47.7253,-122.092,3820,24751,259.5549738,acima,
1630700276,385000,20150105,2,1.5,1370,159865,1,0,0,3,7,1370,0,1960,0,98072,47.7592,-122.092,1370,16217,281.0218978,acima,
6979970080,525000,20140513,3,3.5,2876,5086,2,0,0,3,8,2360,516,2007,0,98072,47.7511,-122.173,2390,4419,182.5452017,abaixo,
2738640310,680000,20150409,4,2.5,3490,3677,2,0,0,3,9,2850,640,2007,0,98072,47.774,-122.162,3440,3600,194.8424069,abaixo,
9532000070,536000,20141201,4,2.5,2520,4831,2,0,0,3,8,2520,0,2009,0,98072,47.7711,-122.168,2430,3937,212.6984127,abaixo,
2738640040,644000,20150409,4,2.5,3310,4839,2,0,0,3,9,3310,0,2007,0,98072,47.773,-122.161,3240,5280,194.5619335,abaixo,
2738630040,613500,20150427,4,2.5,3020,6068,2,0,0,3,9,3020,0,2006,0,98072,47.773,-122.16,3240,5757,203.1456954,abaixo,
9532000010,515000,20150416,3,2.5,2000,3837,2,0,0,3,8,2000,0,2011,0,98072,47.7713,-122.167,2210,4075,257.5,acima,
9532000500,415000,20140801,3,2.5,1610,3600,2,0,0,3,8,1610,0,2010,0,98072,47.771,-122.169,2210,3600,257.7639752,acima,
2738640470,623300,20140716,4,3.5,4170,4524,2,0,0,3,9,3500,670,2007,0,98072,47.7726,-122.162,3510,5001,149.4724221,abaixo,
